[{"model": "admin.logentry", "pk": 1, "fields": {"action_time": "2026-02-08T13:57:07.642Z", "user": 4, "content_type": 9, "object_id": "2", "object_repr": "ceratin boost", "action_flag": 1, "change_message": "[{\"added\": {}}]"}}, {"model": "admin.logentry", "pk": 2, "fields": {"action_time": "2026-02-08T13:57:58.023Z", "user": 4, "content_type": 9, "object_id": "2", "object_repr": "ceratin boost", "action_flag": 2, "change_message": "[]"}}, {"model": "admin.logentry", "pk": 3, "fields": {"action_time": "2026-02-08T13:58:12.173Z", "user": 4, "content_type": 9, "object_id": "2", "object_repr": "ceratin boost", "action_flag": 2, "change_message": "[]"}}, {"model": "admin.logentry", "pk": 4, "fields": {"action_time": "2026-02-08T20:12:50.073Z", "user": 4, "content_type": 9, "object_id": "2", "object_repr": "ceratin boost", "action_flag": 2, "change_message": "[]"}}, {"model": "sessions.session", "pk": "bcp89hfhs37opnt4rz6b8c84fi8s2180", "fields": {"session_data": ".eJxVjMsOgjAUBf-la9PQQm-LS_d-Q3NfFdRAQmFl_HclYaHbMzPnZTJu65C3qksexZxNMKffjZAfOu1A7jjdZsvztC4j2V2xB632Oos-L4f7dzBgHb41BS3aAwNQoobZu77zgLGAT9RKagO1qXQs4NhDZCzkBDlE7rWJCub9Af1KOKI:1vqaTD:ZVacwvXaUFZpVvW6DLbbyq5iAbD1hONNYjZ8rwPNrhM", "expire_date": "2026-02-26T17:27:15.557Z"}}, {"model": "token_blacklist.outstandingtoken", "pk": 1, "fields": {"user": 1, "jti": "e3e5613a0fd645d2b167851ab5acb681", "token": "eyJhbGciOiJIUzI1NiIsInR5cCI6IkpXVCJ9.eyJ0b2tlbl90eXBlIjoicmVmcmVzaCIsImV4cCI6MTc3MTE1ODAyOSwiaWF0IjoxNzcwNTUzMjI5LCJqdGkiOiJlM2U1NjEzYTBmZDY0NWQyYjE2Nzg1MWFiNWFjYjY4MSIsInVzZXJfaWQiOiIxIn0.2FTi49EF3u5dhOlFDglKepWgN18Zlw5csd08CFAMsY0", "created_at": "2026-02-08T12:20:29.439Z", "expires_at": "2026-02-15T12:20:29Z"}}, {"model": "token_blacklist.outstandingtoken", "pk": 2, "fields": {"user": 1, "jti": "26b076179a4b4d0dac4f47dfad1dda2f", "token": "eyJhbGciOiJIUzI1NiIsInR5cCI6IkpXVCJ9.eyJ0b2tlbl90eXBlIjoicmVmcmVzaCIsImV4cCI6MTc3MTE1OTIyMSwiaWF0IjoxNzcwNTU0NDIxLCJqdGkiOiIyNmIwNzYxNzlhNGI0ZDBkYWM0ZjQ3ZGZhZDFkZGEyZiIsInVzZXJfaWQiOiIxIn0.TZ3ux5RyA7Jkv5Ojp081cMQiwb9I4M7a7MZwT87p8qM", "created_at": "2026-02-08T12:40:21.624Z", "expires_at": "2026-02-15T12:40:21Z"}}, {"model": "token_blacklist.outstandingtoken", "pk": 3, "fields": {"user": 1, "jti": "57a7b43c2d414266b63fd79b3584f88c", "token": "eyJhbGciOiJIUzI1NiIsInR5cCI6IkpXVCJ9.eyJ0b2tlbl90eXBlIjoicmVmcmVzaCIsImV4cCI6MTc3MTE1OTI4MSwiaWF0IjoxNzcwNTU0NDgxLCJqdGkiOiI1N2E3YjQzYzJkNDE0MjY2YjYzZmQ3OWIzNTg0Zjg4YyIsInVzZXJfaWQiOiIxIn0.7Th-QTXggBV_5uCcOrw7VRkanC9y6RPVxPWBILochJI", "created_at": "2026-02-08T12:41:21.348Z", "expires_at": "2026-02-15T12:41:21Z"}}, {"model": "token_blacklist.outstandingtoken", "pk": 4, "fields": {"user": 1, "jti": "9900ec69a82c4338a684a7ee20f62994", "token": "eyJhbGciOiJIUzI1NiIsInR5cCI6IkpXVCJ9.eyJ0b2tlbl90eXBlIjoicmVmcmVzaCIsImV4cCI6MTc3MTE2MzQxOSwiaWF0IjoxNzcwNTU4NjE5LCJqdGkiOiI5OTAwZWM2OWE4MmM0MzM4YTY4NGE3ZWUyMGY2Mjk5NCIsInVzZXJfaWQiOiIxIn0.Ts7YlqsVS0wIyB9warGkgAh_GERSkHuYqDZC8QD8pKw", "created_at": "2026-02-08T13:50:19.999Z", "expires_at": "2026-02-15T13:50:19Z"}}, {"model": "token_blacklist.outstandingtoken", "pk": 5, "fields": {"user": 1, "jti": "fa0fc440405d4fff8d1b9ee3b1c46e76", "token": "eyJhbGciOiJIUzI1NiIsInR5cCI6IkpXVCJ9.eyJ0b2tlbl90eXBlIjoicmVmcmVzaCIsImV4cCI6MTc3MTE2Mzg1OSwiaWF0IjoxNzcwNTU5MDU5LCJqdGkiOiJmYTBmYzQ0MDQwNWQ0ZmZmOGQxYjllZTNiMWM0NmU3NiIsInVzZXJfaWQiOiIxIn0.zEvQ1rROCNRSds5RiJhfeAFZDqt6Wr-W9HVwFajae_M", "created_at": "2026-02-08T13:57:39.171Z", "expires_at": "2026-02-15T13:57:39Z"}}, {"model": "token_blacklist.outstandingtoken", "pk": 6, "fields": {"user": 1, "jti": "9494903372de48e98f8081dc8a773eec", "token": "eyJhbGciOiJIUzI1NiIsInR5cCI6IkpXVCJ9.eyJ0b2tlbl90eXBlIjoicmVmcmVzaCIsImV4cCI6MTc3MTE3MTYxMywiaWF0IjoxNzcwNTY2ODEzLCJqdGkiOiI5NDk0OTAzMzcyZGU0OGU5OGY4MDgxZGM4YTc3M2VlYyIsInVzZXJfaWQiOiIxIn0.jM7p94FfwlnaZPs1aDn1rn2XfCfm1eTCXL2K8mO9Z6U", "created_at": "2026-02-08T16:06:53.057Z", "expires_at": "2026-02-15T16:06:53Z"}}, {"model": "token_blacklist.outstandingtoken", "pk": 7, "fields": {"user": 1, "jti": "0d159c844140410586ba8b2e59c9035f", "token": "eyJhbGciOiJIUzI1NiIsInR5cCI6IkpXVCJ9.eyJ0b2tlbl90eXBlIjoicmVmcmVzaCIsImV4cCI6MTc3MTE4NzI4MSwiaWF0IjoxNzcwNTgyNDgxLCJqdGkiOiIwZDE1OWM4NDQxNDA0MTA1ODZiYThiMmU1OWM5MDM1ZiIsInVzZXJfaWQiOiIxIn0.T-7RaOo5RbhcIkWTssw30J433d3_wUNKY3PLongp68U", "created_at": "2026-02-08T20:28:01.343Z", "expires_at": "2026-02-15T20:28:01Z"}}, {"model": "token_blacklist.outstandingtoken", "pk": 8, "fields": {"user": 1, "jti": "303da6280e6c44149002acf87015ec3f", "token": "eyJhbGciOiJIUzI1NiIsInR5cCI6IkpXVCJ9.eyJ0b2tlbl90eXBlIjoicmVmcmVzaCIsImV4cCI6MTc3MTUxNDcwOSwiaWF0IjoxNzcwOTA5OTA5LCJqdGkiOiIzMDNkYTYyODBlNmM0NDE0OTAwMmFjZjg3MDE1ZWMzZiIsInVzZXJfaWQiOiIxIn0.6JihWOxeMkQYJFuNrnt-ajHOPZOg9o0D4AdC2xHBJd0", "created_at": "2026-02-12T15:25:09.875Z", "expires_at": "2026-02-19T15:25:09Z"}}, {"model": "token_blacklist.outstandingtoken", "pk": 9, "fields": {"user": 4, "jti": "f026e9a64ff341d6977428a5d9922cd1", "token": "eyJhbGciOiJIUzI1NiIsInR5cCI6IkpXVCJ9.eyJ0b2tlbl90eXBlIjoicmVmcmVzaCIsImV4cCI6MTc3MTUxNzQzOSwiaWF0IjoxNzcwOTEyNjM5LCJqdGkiOiJmMDI2ZTlhNjRmZjM0MWQ2OTc3NDI4YTVkOTkyMmNkMSIsInVzZXJfaWQiOiI0In0.EcxOa9D8BPjcSnOErjS9Aqi63zdDsWvbuN0nbzjdO-A", "created_at": "2026-02-12T16:10:39.633Z", "expires_at": "2026-02-19T16:10:39Z"}}, {"model": "token_blacklist.outstandingtoken", "pk": 10, "fields": {"user": 1, "jti": "efc642cb3fa34573be69690fba6d9337", "token": "eyJhbGciOiJIUzI1NiIsInR5cCI6IkpXVCJ9.eyJ0b2tlbl90eXBlIjoicmVmcmVzaCIsImV4cCI6MTc3MTUxNzQ5NCwiaWF0IjoxNzcwOTEyNjk0LCJqdGkiOiJlZmM2NDJjYjNmYTM0NTczYmU2OTY5MGZiYTZkOTMzNyIsInVzZXJfaWQiOiIxIn0.6x6h8CF0ucPxDidurmyDSDbJA-_USTPZkUtTXJdORbQ", "created_at": "2026-02-12T16:11:34.625Z", "expires_at": "2026-02-19T16:11:34Z"}}, {"model": "token_blacklist.outstandingtoken", "pk": 11, "fields": {"user": 5, "jti": "d8b37a410f3c4110bd46eda23fe773dc", "token": "eyJhbGciOiJIUzI1NiIsInR5cCI6IkpXVCJ9.eyJ0b2tlbl90eXBlIjoicmVmcmVzaCIsImV4cCI6MTc3MTUxNzc0OCwiaWF0IjoxNzcwOTEyOTQ4LCJqdGkiOiJkOGIzN2E0MTBmM2M0MTEwYmQ0NmVkYTIzZmU3NzNkYyIsInVzZXJfaWQiOiI1In0.52QeSYoK02GoTLWUHiuv4DenUwuRaAjtAIM20hFncY4", "created_at": "2026-02-12T16:15:48.635Z", "expires_at": "2026-02-19T16:15:48Z"}}, {"model": "token_blacklist.outstandingtoken", "pk": 12, "fields": {"user": 5, "jti": "db646edd65d9419082f8f2ff56a00c94", "token": "eyJhbGciOiJIUzI1NiIsInR5cCI6IkpXVCJ9.eyJ0b2tlbl90eXBlIjoicmVmcmVzaCIsImV4cCI6MTc3MTUxNzk2MCwiaWF0IjoxNzcwOTEzMTYwLCJqdGkiOiJkYjY0NmVkZDY1ZDk0MTkwODJmOGYyZmY1NmEwMGM5NCIsInVzZXJfaWQiOiI1In0.cVy9R7bnnO7UtOaxKjkbG-mrlLnWOHpb2J4ezIkb4sY", "created_at": "2026-02-12T16:19:20.922Z", "expires_at": "2026-02-19T16:19:20Z"}}, {"model": "token_blacklist.outstandingtoken", "pk": 13, "fields": {"user": 1, "jti": "60aa349d59484a0fb73294bafd23e688", "token": "eyJhbGciOiJIUzI1NiIsInR5cCI6IkpXVCJ9.eyJ0b2tlbl90eXBlIjoicmVmcmVzaCIsImV4cCI6MTc3MTUxODMzNSwiaWF0IjoxNzcwOTEzNTM1LCJqdGkiOiI2MGFhMzQ5ZDU5NDg0YTBmYjczMjk0YmFmZDIzZTY4OCIsInVzZXJfaWQiOiIxIn0.qSEl_T0hx7oh9gvJdl5AzEGY8PzXyaos0kjWa2JiQQQ", "created_at": "2026-02-12T16:25:35.992Z", "expires_at": "2026-02-19T16:25:35Z"}}, {"model": "token_blacklist.outstandingtoken", "pk": 14, "fields": {"user": 1, "jti": "22954002d3c2424488315b3eb86fab52", "token": "eyJhbGciOiJIUzI1NiIsInR5cCI6IkpXVCJ9.eyJ0b2tlbl90eXBlIjoicmVmcmVzaCIsImV4cCI6MTc3MTUxODQ2NywiaWF0IjoxNzcwOTEzNjY3LCJqdGkiOiIyMjk1NDAwMmQzYzI0MjQ0ODgzMTViM2ViODZmYWI1MiIsInVzZXJfaWQiOiIxIn0.7XX5hXi1AbQrKZzPlI7t4ZHfaykd3nyvIw2BCtLP3NY", "created_at": "2026-02-12T16:27:47.172Z", "expires_at": "2026-02-19T16:27:47Z"}}, {"model": "token_blacklist.outstandingtoken", "pk": 15, "fields": {"user": 5, "jti": "1db803bcb1e945f1bb966da367d00e84", "token": "eyJhbGciOiJIUzI1NiIsInR5cCI6IkpXVCJ9.eyJ0b2tlbl90eXBlIjoicmVmcmVzaCIsImV4cCI6MTc3MTUxODUwNCwiaWF0IjoxNzcwOTEzNzA0LCJqdGkiOiIxZGI4MDNiY2IxZTk0NWYxYmI5NjZkYTM2N2QwMGU4NCIsInVzZXJfaWQiOiI1In0.hs96PpnQcQ1KNSp8yyTh1eqlfknge3qt2xU653FUrvI", "created_at": "2026-02-12T16:28:24.847Z", "expires_at": "2026-02-19T16:28:24Z"}}, {"model": "token_blacklist.outstandingtoken", "pk": 16, "fields": {"user": 5, "jti": "faeb96db3aa94781ae038d540896f82f", "token": "eyJhbGciOiJIUzI1NiIsInR5cCI6IkpXVCJ9.eyJ0b2tlbl90eXBlIjoicmVmcmVzaCIsImV4cCI6MTc3MTUxODc5MywiaWF0IjoxNzcwOTEzOTkzLCJqdGkiOiJmYWViOTZkYjNhYTk0NzgxYWUwMzhkNTQwODk2ZjgyZiIsInVzZXJfaWQiOiI1In0.c2VV1Bdxb_4QzsZKge_Xdm6EFrdSklsNcs2k2H1nObY", "created_at": "2026-02-12T16:33:13.061Z", "expires_at": "2026-02-19T16:33:13Z"}}, {"model": "token_blacklist.outstandingtoken", "pk": 17, "fields": {"user": 5, "jti": "d776f9abb7ca465cbed49022d887afe2", "token": "eyJhbGciOiJIUzI1NiIsInR5cCI6IkpXVCJ9.eyJ0b2tlbl90eXBlIjoicmVmcmVzaCIsImV4cCI6MTc3MTUxODg1MSwiaWF0IjoxNzcwOTE0MDUxLCJqdGkiOiJkNzc2ZjlhYmI3Y2E0NjVjYmVkNDkwMjJkODg3YWZlMiIsInVzZXJfaWQiOiI1In0.IRt2IKD4pBbWdvP9XD7ijjJtRujyMN5kYR9Q-kNtvJU", "created_at": "2026-02-12T16:34:11.026Z", "expires_at": "2026-02-19T16:34:11Z"}}, {"model": "token_blacklist.outstandingtoken", "pk": 18, "fields": {"user": 5, "jti": "0db8a8a4f2734e10a33dea8a061086fc", "token": "eyJhbGciOiJIUzI1NiIsInR5cCI6IkpXVCJ9.eyJ0b2tlbl90eXBlIjoicmVmcmVzaCIsImV4cCI6MTc3MTUxODg5MiwiaWF0IjoxNzcwOTE0MDkyLCJqdGkiOiIwZGI4YThhNGYyNzM0ZTEwYTMzZGVhOGEwNjEwODZmYyIsInVzZXJfaWQiOiI1In0.SwwdMDGToBxlfTtnvrHBXchl9CmHtFFkaA3yJpkwM-A", "created_at": "2026-02-12T16:34:52.794Z", "expires_at": "2026-02-19T16:34:52Z"}}, {"model": "token_blacklist.outstandingtoken", "pk": 19, "fields": {"user": 5, "jti": "318120112cc94d24a1a4a28ad007af50", "token": "eyJhbGciOiJIUzI1NiIsInR5cCI6IkpXVCJ9.eyJ0b2tlbl90eXBlIjoicmVmcmVzaCIsImV4cCI6MTc3MTUxOTE1NCwiaWF0IjoxNzcwOTE0MzU0LCJqdGkiOiIzMTgxMjAxMTJjYzk0ZDI0YTFhNGEyOGFkMDA3YWY1MCIsInVzZXJfaWQiOiI1In0.sPpTG960IbHO15_kvJt_eUG24IooLNmd2jpzgoC9d6Y", "created_at": "2026-02-12T16:39:14.515Z", "expires_at": "2026-02-19T16:39:14Z"}}, {"model": "token_blacklist.outstandingtoken", "pk": 20, "fields": {"user": 5, "jti": "94709409753b4432bbd24e38ef0ddb26", "token": "eyJhbGciOiJIUzI1NiIsInR5cCI6IkpXVCJ9.eyJ0b2tlbl90eXBlIjoicmVmcmVzaCIsImV4cCI6MTc3MTUxOTUzNiwiaWF0IjoxNzcwOTE0NzM2LCJqdGkiOiI5NDcwOTQwOTc1M2I0NDMyYmJkMjRlMzhlZjBkZGIyNiIsInVzZXJfaWQiOiI1In0.o8JoWHsJjjPxOZP97PitD8c9Y7lxVyW4_P4rwnDU_Ac", "created_at": "2026-02-12T16:45:36.343Z", "expires_at": "2026-02-19T16:45:36Z"}}, {"model": "token_blacklist.outstandingtoken", "pk": 21, "fields": {"user": 5, "jti": "d9488eb0c60e44cf84712873fbc762f6", "token": "eyJhbGciOiJIUzI1NiIsInR5cCI6IkpXVCJ9.eyJ0b2tlbl90eXBlIjoicmVmcmVzaCIsImV4cCI6MTc3MTUxOTY3NiwiaWF0IjoxNzcwOTE0ODc2LCJqdGkiOiJkOTQ4OGViMGM2MGU0NGNmODQ3MTI4NzNmYmM3NjJmNiIsInVzZXJfaWQiOiI1In0.B4wly4Mj3QaesadB4smJckY6H4deUZrkJqIqiTC0b44", "created_at": "2026-02-12T16:47:56.184Z", "expires_at": "2026-02-19T16:47:56Z"}}, {"model": "token_blacklist.outstandingtoken", "pk": 22, "fields": {"user": 1, "jti": "c2351a583883444bbb7d78a2dc0c0627", "token": "eyJhbGciOiJIUzI1NiIsInR5cCI6IkpXVCJ9.eyJ0b2tlbl90eXBlIjoicmVmcmVzaCIsImV4cCI6MTc3MTUyMTk4MywiaWF0IjoxNzcwOTE3MTgzLCJqdGkiOiJjMjM1MWE1ODM4ODM0NDRiYmI3ZDc4YTJkYzBjMDYyNyIsInVzZXJfaWQiOiIxIn0.hM3HdQFTTB_Qn784-nNuySeQnBmpHbh7ObtWJ2oQgXQ", "created_at": "2026-02-12T17:26:23.054Z", "expires_at": "2026-02-19T17:26:23Z"}}, {"model": "token_blacklist.outstandingtoken", "pk": 23, "fields": {"user": 1, "jti": "7ab75091ac4e48709d3650c27ed86434", "token": "eyJhbGciOiJIUzI1NiIsInR5cCI6IkpXVCJ9.eyJ0b2tlbl90eXBlIjoicmVmcmVzaCIsImV4cCI6MTc3MTUyMTk4OCwiaWF0IjoxNzcwOTE3MTg4LCJqdGkiOiI3YWI3NTA5MWFjNGU0ODcwOWQzNjUwYzI3ZWQ4NjQzNCIsInVzZXJfaWQiOiIxIn0.QVgbzWhY0RpCDkPNfgdfYyHSUqLvNxNtYNCir8L_JMI", "created_at": "2026-02-12T17:26:28.529Z", "expires_at": "2026-02-19T17:26:28Z"}}, {"model": "token_blacklist.outstandingtoken", "pk": 24, "fields": {"user": 1, "jti": "ca4e7eca712e4d0ba272a1eeb9ada8d0", "token": "eyJhbGciOiJIUzI1NiIsInR5cCI6IkpXVCJ9.eyJ0b2tlbl90eXBlIjoicmVmcmVzaCIsImV4cCI6MTc3MTUyMjA0NiwiaWF0IjoxNzcwOTE3MjQ2LCJqdGkiOiJjYTRlN2VjYTcxMmU0ZDBiYTI3MmExZWViOWFkYThkMCIsInVzZXJfaWQiOiIxIn0.Qp_N_QYxsnpW_ggfifir3LHbu77X2Ai6VPh9RC4RShM", "created_at": "2026-02-12T17:27:26.535Z", "expires_at": "2026-02-19T17:27:26Z"}}, {"model": "token_blacklist.outstandingtoken", "pk": 25, "fields": {"user": 1, "jti": "801f5c7cee3e4d77ba87b737ec2ead1b", "token": "eyJhbGciOiJIUzI1NiIsInR5cCI6IkpXVCJ9.eyJ0b2tlbl90eXBlIjoicmVmcmVzaCIsImV4cCI6MTc3MTUyMjEzOSwiaWF0IjoxNzcwOTE3MzM5LCJqdGkiOiI4MDFmNWM3Y2VlM2U0ZDc3YmE4N2I3MzdlYzJlYWQxYiIsInVzZXJfaWQiOiIxIn0.nukmFmMKJM9RqBrDeNjsQCzQDZKnnlZ-M619CyQW-HQ", "created_at": "2026-02-12T17:28:59.244Z", "expires_at": "2026-02-19T17:28:59Z"}}, {"model": "token_blacklist.outstandingtoken", "pk": 26, "fields": {"user": 6, "jti": "072b2131cfb344b68aa49e869fa11556", "token": "eyJhbGciOiJIUzI1NiIsInR5cCI6IkpXVCJ9.eyJ0b2tlbl90eXBlIjoicmVmcmVzaCIsImV4cCI6MTc3MTUyMjE2MiwiaWF0IjoxNzcwOTE3MzYyLCJqdGkiOiIwNzJiMjEzMWNmYjM0NGI2OGFhNDllODY5ZmExMTU1NiIsInVzZXJfaWQiOiI2In0.ptiY3uWa1XQUXMokRrYuCJcDDE-iqbzIMTOjXjziCXA", "created_at": "2026-02-12T17:29:22.435Z", "expires_at": "2026-02-19T17:29:22Z"}}, {"model": "token_blacklist.outstandingtoken", "pk": 27, "fields": {"user": 1, "jti": "4c17dd30797c4622878adcc49922e24b", "token": "eyJhbGciOiJIUzI1NiIsInR5cCI6IkpXVCJ9.eyJ0b2tlbl90eXBlIjoicmVmcmVzaCIsImV4cCI6MTc3MTUyMjI4MCwiaWF0IjoxNzcwOTE3NDgwLCJqdGkiOiI0YzE3ZGQzMDc5N2M0NjIyODc4YWRjYzQ5OTIyZTI0YiIsInVzZXJfaWQiOiIxIn0.7y-NWPEgxti1OerI9IafuYY5W7N2x1y1SPjtgi5bphM", "created_at": "2026-02-12T17:31:20.136Z", "expires_at": "2026-02-19T17:31:20Z"}}, {"model": "token_blacklist.outstandingtoken", "pk": 28, "fields": {"user": 5, "jti": "a9414ba40d0f4f56b68f1f7bbe9a17f4", "token": "eyJhbGciOiJIUzI1NiIsInR5cCI6IkpXVCJ9.eyJ0b2tlbl90eXBlIjoicmVmcmVzaCIsImV4cCI6MTc3MTUyMjQ2MCwiaWF0IjoxNzcwOTE3NjYwLCJqdGkiOiJhOTQxNGJhNDBkMGY0ZjU2YjY4ZjFmN2JiZTlhMTdmNCIsInVzZXJfaWQiOiI1In0.e7r7zfkr6DQop1ga5iOOleA5y_FCgh-Y3fV6Ba-35PQ", "created_at": "2026-02-12T17:34:20.902Z", "expires_at": "2026-02-19T17:34:20Z"}}, {"model": "token_blacklist.outstandingtoken", "pk": 29, "fields": {"user": 5, "jti": "e55349383c884f5e96f1b7f0afb1f546", "token": "eyJhbGciOiJIUzI1NiIsInR5cCI6IkpXVCJ9.eyJ0b2tlbl90eXBlIjoicmVmcmVzaCIsImV4cCI6MTc3MTUyMjUxNiwiaWF0IjoxNzcwOTE3NzE2LCJqdGkiOiJlNTUzNDkzODNjODg0ZjVlOTZmMWI3ZjBhZmIxZjU0NiIsInVzZXJfaWQiOiI1In0.tP7-n6B1z81yOVJeZKbdiJo7AqO-oAZr2rgrsFpTk1g", "created_at": "2026-02-12T17:35:16.044Z", "expires_at": "2026-02-19T17:35:16Z"}}, {"model": "token_blacklist.outstandingtoken", "pk": 30, "fields": {"user": 5, "jti": "c4c3f7df20434b95934227debacd3cbd", "token": "eyJhbGciOiJIUzI1NiIsInR5cCI6IkpXVCJ9.eyJ0b2tlbl90eXBlIjoicmVmcmVzaCIsImV4cCI6MTc3MTUyMjU0MiwiaWF0IjoxNzcwOTE3NzQyLCJqdGkiOiJjNGMzZjdkZjIwNDM0Yjk1OTM0MjI3ZGViYWNkM2NiZCIsInVzZXJfaWQiOiI1In0.J_Eko9OoXOxKYgcKvW_lYndXwxVvZoGTpHOcltAkdiE", "created_at": "2026-02-12T17:35:42.815Z", "expires_at": "2026-02-19T17:35:42Z"}}, {"model": "token_blacklist.outstandingtoken", "pk": 31, "fields": {"user": 5, "jti": "80d640eeb1104feb997804fe91d3219a", "token": "eyJhbGciOiJIUzI1NiIsInR5cCI6IkpXVCJ9.eyJ0b2tlbl90eXBlIjoicmVmcmVzaCIsImV4cCI6MTc3MTUyMjYyOSwiaWF0IjoxNzcwOTE3ODI5LCJqdGkiOiI4MGQ2NDBlZWIxMTA0ZmViOTk3ODA0ZmU5MWQzMjE5YSIsInVzZXJfaWQiOiI1In0.zfmmReiM97PBNhZ9iXVM1jc0QZmqzD4MkQNkkgoOtEs", "created_at": "2026-02-12T17:37:09.507Z", "expires_at": "2026-02-19T17:37:09Z"}}, {"model": "token_blacklist.outstandingtoken", "pk": 32, "fields": {"user": 5, "jti": "8a227cae0af147b583a4f923d382bf7f", "token": "eyJhbGciOiJIUzI1NiIsInR5cCI6IkpXVCJ9.eyJ0b2tlbl90eXBlIjoicmVmcmVzaCIsImV4cCI6MTc3MTUyMjYzMiwiaWF0IjoxNzcwOTE3ODMyLCJqdGkiOiI4YTIyN2NhZTBhZjE0N2I1ODNhNGY5MjNkMzgyYmY3ZiIsInVzZXJfaWQiOiI1In0.wH3uo9I8y8nNANmfi26aArRlD9Zzb4wGD2pgZHlQ9Is", "created_at": "2026-02-12T17:37:12.536Z", "expires_at": "2026-02-19T17:37:12Z"}}, {"model": "token_blacklist.outstandingtoken", "pk": 33, "fields": {"user": 5, "jti": "5b329fd699ff4b46ba5269dc4daa91da", "token": "eyJhbGciOiJIUzI1NiIsInR5cCI6IkpXVCJ9.eyJ0b2tlbl90eXBlIjoicmVmcmVzaCIsImV4cCI6MTc3MTUyMjY0NiwiaWF0IjoxNzcwOTE3ODQ2LCJqdGkiOiI1YjMyOWZkNjk5ZmY0YjQ2YmE1MjY5ZGM0ZGFhOTFkYSIsInVzZXJfaWQiOiI1In0.zyu1J4ZFrPBJ79wFeNybxkJ9n0Dvk3qS2CgJ6S0ofQU", "created_at": "2026-02-12T17:37:26.067Z", "expires_at": "2026-02-19T17:37:26Z"}}, {"model": "token_blacklist.outstandingtoken", "pk": 34, "fields": {"user": 5, "jti": "d2b28ed464d746a385aa9da81c93171f", "token": "eyJhbGciOiJIUzI1NiIsInR5cCI6IkpXVCJ9.eyJ0b2tlbl90eXBlIjoicmVmcmVzaCIsImV4cCI6MTc3MTUyMjc1OSwiaWF0IjoxNzcwOTE3OTU5LCJqdGkiOiJkMmIyOGVkNDY0ZDc0NmEzODVhYTlkYTgxYzkzMTcxZiIsInVzZXJfaWQiOiI1In0.sGRmsrUa3jxf9DnI4YQS0tiHvh6Vc30FsL7GWX9O8wg", "created_at": "2026-02-12T17:39:19.377Z", "expires_at": "2026-02-19T17:39:19Z"}}, {"model": "token_blacklist.outstandingtoken", "pk": 35, "fields": {"user": 5, "jti": "e53e8c50b542422c8ca7f7c4e5681940", "token": "eyJhbGciOiJIUzI1NiIsInR5cCI6IkpXVCJ9.eyJ0b2tlbl90eXBlIjoicmVmcmVzaCIsImV4cCI6MTc3MTUyMjc5OCwiaWF0IjoxNzcwOTE3OTk4LCJqdGkiOiJlNTNlOGM1MGI1NDI0MjJjOGNhN2Y3YzRlNTY4MTk0MCIsInVzZXJfaWQiOiI1In0._fjPrjbkiV2GervsEF1FI0llBwUVe0FqTvNG_K6A78I", "created_at": "2026-02-12T17:39:58.230Z", "expires_at": "2026-02-19T17:39:58Z"}}, {"model": "token_blacklist.outstandingtoken", "pk": 36, "fields": {"user": 1, "jti": "1e2a41d1396f491c9eb11b873074f5d2", "token": "eyJhbGciOiJIUzI1NiIsInR5cCI6IkpXVCJ9.eyJ0b2tlbl90eXBlIjoicmVmcmVzaCIsImV4cCI6MTc3MTUyMjkwNCwiaWF0IjoxNzcwOTE4MTA0LCJqdGkiOiIxZTJhNDFkMTM5NmY0OTFjOWViMTFiODczMDc0ZjVkMiIsInVzZXJfaWQiOiIxIn0.GVLBd4y9HZX-GwXT1KuFcm5Xz6WoPvxeVRk8XEayJKA", "created_at": "2026-02-12T17:41:44.381Z", "expires_at": "2026-02-19T17:41:44Z"}}, {"model": "token_blacklist.outstandingtoken", "pk": 37, "fields": {"user": 1, "jti": "984a73a990474e39afd5a47500e66397", "token": "eyJhbGciOiJIUzI1NiIsInR5cCI6IkpXVCJ9.eyJ0b2tlbl90eXBlIjoicmVmcmVzaCIsImV4cCI6MTc3MTUyMzM2MiwiaWF0IjoxNzcwOTE4NTYyLCJqdGkiOiI5ODRhNzNhOTkwNDc0ZTM5YWZkNWE0NzUwMGU2NjM5NyIsInVzZXJfaWQiOiIxIn0.ajPGBOMDFDDCJO0aemXURO99OkJ9fTSCNIhFNKuBPso", "created_at": "2026-02-12T17:49:22.428Z", "expires_at": "2026-02-19T17:49:22Z"}}, {"model": "token_blacklist.outstandingtoken", "pk": 38, "fields": {"user": 5, "jti": "134a06dd6cdf45dc8f9a2b5ec015ff48", "token": "eyJhbGciOiJIUzI1NiIsInR5cCI6IkpXVCJ9.eyJ0b2tlbl90eXBlIjoicmVmcmVzaCIsImV4cCI6MTc3MTUyMzQwOSwiaWF0IjoxNzcwOTE4NjA5LCJqdGkiOiIxMzRhMDZkZDZjZGY0NWRjOGY5YTJiNWVjMDE1ZmY0OCIsInVzZXJfaWQiOiI1In0.07hmVBdX50H3_-H7W1b2o6nhRxgqY9UtV4AcX7C_7_c", "created_at": "2026-02-12T17:50:09.557Z", "expires_at": "2026-02-19T17:50:09Z"}}, {"model": "token_blacklist.outstandingtoken", "pk": 39, "fields": {"user": 6, "jti": "d21d4b0a554643e1a1321607a2cd68fe", "token": "eyJhbGciOiJIUzI1NiIsInR5cCI6IkpXVCJ9.eyJ0b2tlbl90eXBlIjoicmVmcmVzaCIsImV4cCI6MTc3MTYwMDk4MiwiaWF0IjoxNzcwOTk2MTgyLCJqdGkiOiJkMjFkNGIwYTU1NDY0M2UxYTEzMjE2MDdhMmNkNjhmZSIsInVzZXJfaWQiOiI2In0.g0RXOGqJdwNM4RiTLahALzh63uAXj63058TSpqr6se8", "created_at": "2026-02-13T15:23:02.615Z", "expires_at": "2026-02-20T15:23:02Z"}}, {"model": "token_blacklist.outstandingtoken", "pk": 40, "fields": {"user": 5, "jti": "03ef09c0aa9b44e8860e6bfb86d5aff9", "token": "eyJhbGciOiJIUzI1NiIsInR5cCI6IkpXVCJ9.eyJ0b2tlbl90eXBlIjoicmVmcmVzaCIsImV4cCI6MTc3MTYwMDk5NCwiaWF0IjoxNzcwOTk2MTk0LCJqdGkiOiIwM2VmMDljMGFhOWI0NGU4ODYwZTZiZmI4NmQ1YWZmOSIsInVzZXJfaWQiOiI1In0.dQLxA4SVzUE_qm-Wvz54ARl9Bg2Ues8hWDc0WtCTsEk", "created_at": "2026-02-13T15:23:14.085Z", "expires_at": "2026-02-20T15:23:14Z"}}, {"model": "token_blacklist.outstandingtoken", "pk": 41, "fields": {"user": 1, "jti": "3a2d65790ac14685a9a2faef19a66010", "token": "eyJhbGciOiJIUzI1NiIsInR5cCI6IkpXVCJ9.eyJ0b2tlbl90eXBlIjoicmVmcmVzaCIsImV4cCI6MTc3MTY3NDgzNSwiaWF0IjoxNzcxMDcwMDM1LCJqdGkiOiIzYTJkNjU3OTBhYzE0Njg1YTlhMmZhZWYxOWE2NjAxMCIsInVzZXJfaWQiOiIxIn0.FS6UQq0giCHsX67kvlQmX1hZhrhtQ0GqzC6hPlTkZi8", "created_at": "2026-02-14T11:53:55.274Z", "expires_at": "2026-02-21T11:53:55Z"}}, {"model": "token_blacklist.outstandingtoken", "pk": 42, "fields": {"user": 5, "jti": "2d3d2420d62a4e2a87f330f25bf7344a", "token": "eyJhbGciOiJIUzI1NiIsInR5cCI6IkpXVCJ9.eyJ0b2tlbl90eXBlIjoicmVmcmVzaCIsImV4cCI6MTc3MTY3NTE5MCwiaWF0IjoxNzcxMDcwMzkwLCJqdGkiOiIyZDNkMjQyMGQ2MmE0ZTJhODdmMzMwZjI1YmY3MzQ0YSIsInVzZXJfaWQiOiI1In0.PBURMtj1GJ2iRZxCGpDsUdXaDPpveU3MyuOJjDljo68", "created_at": "2026-02-14T11:59:50.010Z", "expires_at": "2026-02-21T11:59:50Z"}}, {"model": "token_blacklist.outstandingtoken", "pk": 43, "fields": {"user": 1, "jti": "9bd3bfefaad1465c8be4494c26e2a80d", "token": "eyJhbGciOiJIUzI1NiIsInR5cCI6IkpXVCJ9.eyJ0b2tlbl90eXBlIjoicmVmcmVzaCIsImV4cCI6MTc3MTY3NTMwMCwiaWF0IjoxNzcxMDcwNTAwLCJqdGkiOiI5YmQzYmZlZmFhZDE0NjVjOGJlNDQ5NGMyNmUyYTgwZCIsInVzZXJfaWQiOiIxIn0._k8WtFW2LjGcd70zQxuWz-zrlEDOPlm8hC3XBziYgH0", "created_at": "2026-02-14T12:01:40.555Z", "expires_at": "2026-02-21T12:01:40Z"}}, {"model": "token_blacklist.outstandingtoken", "pk": 44, "fields": {"user": 1, "jti": "da1ecd826db24ac2af892d6162012794", "token": "eyJhbGciOiJIUzI1NiIsInR5cCI6IkpXVCJ9.eyJ0b2tlbl90eXBlIjoicmVmcmVzaCIsImV4cCI6MTc3MTY3NTQ4NSwiaWF0IjoxNzcxMDcwNjg1LCJqdGkiOiJkYTFlY2Q4MjZkYjI0YWMyYWY4OTJkNjE2MjAxMjc5NCIsInVzZXJfaWQiOiIxIn0.CCVGnHyxAU3Z4ismBEYk_7wGHeMBnQ3vqCyNzhfXYAI", "created_at": "2026-02-14T12:04:45.455Z", "expires_at": "2026-02-21T12:04:45Z"}}, {"model": "token_blacklist.outstandingtoken", "pk": 45, "fields": {"user": 5, "jti": "74f2531577e6460e9e6c827d235fda02", "token": "eyJhbGciOiJIUzI1NiIsInR5cCI6IkpXVCJ9.eyJ0b2tlbl90eXBlIjoicmVmcmVzaCIsImV4cCI6MTc3MTY3NTczNSwiaWF0IjoxNzcxMDcwOTM1LCJqdGkiOiI3NGYyNTMxNTc3ZTY0NjBlOWU2YzgyN2QyMzVmZGEwMiIsInVzZXJfaWQiOiI1In0.J40MmMEfdE9S5HZ5JAQ8RF7jKqgfeoiFWJoXMHhsk0Q", "created_at": "2026-02-14T12:08:55.973Z", "expires_at": "2026-02-21T12:08:55Z"}}, {"model": "token_blacklist.outstandingtoken", "pk": 46, "fields": {"user": 1, "jti": "8ca24c8c610948d3877c85b2f5a843ec", "token": "eyJhbGciOiJIUzI1NiIsInR5cCI6IkpXVCJ9.eyJ0b2tlbl90eXBlIjoicmVmcmVzaCIsImV4cCI6MTc3MTY3NTc5OCwiaWF0IjoxNzcxMDcwOTk4LCJqdGkiOiI4Y2EyNGM4YzYxMDk0OGQzODc3Yzg1YjJmNWE4NDNlYyIsInVzZXJfaWQiOiIxIn0.GFcAL9j2ylpLtyQSXwdZ5zJUdCScdOAhzf5wpQoFevY", "created_at": "2026-02-14T12:09:58.385Z", "expires_at": "2026-02-21T12:09:58Z"}}, {"model": "token_blacklist.outstandingtoken", "pk": 47, "fields": {"user": 5, "jti": "ddb3585583444104a685b4d22c0ac744", "token": "eyJhbGciOiJIUzI1NiIsInR5cCI6IkpXVCJ9.eyJ0b2tlbl90eXBlIjoicmVmcmVzaCIsImV4cCI6MTc3MTY3NTg1OCwiaWF0IjoxNzcxMDcxMDU4LCJqdGkiOiJkZGIzNTg1NTgzNDQ0MTA0YTY4NWI0ZDIyYzBhYzc0NCIsInVzZXJfaWQiOiI1In0.mz81F86PdEEQaRmZAczTuagAlho5y-qhs1-Qk1-BF-w", "created_at": "2026-02-14T12:10:58.356Z", "expires_at": "2026-02-21T12:10:58Z"}}, {"model": "token_blacklist.outstandingtoken", "pk": 48, "fields": {"user": 1, "jti": "35d0194223df4ed29eec3f5be7d07a70", "token": "eyJhbGciOiJIUzI1NiIsInR5cCI6IkpXVCJ9.eyJ0b2tlbl90eXBlIjoicmVmcmVzaCIsImV4cCI6MTc3MTY3NjAwMiwiaWF0IjoxNzcxMDcxMjAyLCJqdGkiOiIzNWQwMTk0MjIzZGY0ZWQyOWVlYzNmNWJlN2QwN2E3MCIsInVzZXJfaWQiOiIxIn0.uRp0qakHjQxc-VTwoQtfce_qZYDeWwHKVzWnRXNVxh0", "created_at": "2026-02-14T12:13:22.012Z", "expires_at": "2026-02-21T12:13:22Z"}}, {"model": "token_blacklist.outstandingtoken", "pk": 49, "fields": {"user": 5, "jti": "08ef9b3020d04e22af18d1fa1cd8a7b5", "token": "eyJhbGciOiJIUzI1NiIsInR5cCI6IkpXVCJ9.eyJ0b2tlbl90eXBlIjoicmVmcmVzaCIsImV4cCI6MTc3MTY3NjI5NiwiaWF0IjoxNzcxMDcxNDk2LCJqdGkiOiIwOGVmOWIzMDIwZDA0ZTIyYWYxOGQxZmExY2Q4YTdiNSIsInVzZXJfaWQiOiI1In0.5P4_6822WM0qS8erp__oPL5SIyPOVRQNkbHuQKuz1H4", "created_at": "2026-02-14T12:18:16.672Z", "expires_at": "2026-02-21T12:18:16Z"}}, {"model": "token_blacklist.outstandingtoken", "pk": 50, "fields": {"user": 1, "jti": "526e0b76509d47b5bde60f20f39461bd", "token": "eyJhbGciOiJIUzI1NiIsInR5cCI6IkpXVCJ9.eyJ0b2tlbl90eXBlIjoicmVmcmVzaCIsImV4cCI6MTc3MTY3NjM2OCwiaWF0IjoxNzcxMDcxNTY4LCJqdGkiOiI1MjZlMGI3NjUwOWQ0N2I1YmRlNjBmMjBmMzk0NjFiZCIsInVzZXJfaWQiOiIxIn0.jHAPjlKWy1zv4uwjcW0JtqS5uDZlKW6fghaT49wsqeA", "created_at": "2026-02-14T12:19:28.830Z", "expires_at": "2026-02-21T12:19:28Z"}}, {"model": "token_blacklist.outstandingtoken", "pk": 51, "fields": {"user": 1, "jti": "b635a73d86e5467ba319163b83b512c5", "token": "eyJhbGciOiJIUzI1NiIsInR5cCI6IkpXVCJ9.eyJ0b2tlbl90eXBlIjoicmVmcmVzaCIsImV4cCI6MTc3MTY3NjY4NywiaWF0IjoxNzcxMDcxODg3LCJqdGkiOiJiNjM1YTczZDg2ZTU0NjdiYTMxOTE2M2I4M2I1MTJjNSIsInVzZXJfaWQiOiIxIn0.MNNd2u-b4QjBO11WLpxejinO0FrlNBn-JSIqT-Xqj3U", "created_at": "2026-02-14T12:24:47.102Z", "expires_at": "2026-02-21T12:24:47Z"}}, {"model": "token_blacklist.outstandingtoken", "pk": 52, "fields": {"user": 1, "jti": "27d3412609b3435e81e0c36d1a6f0b9f", "token": "eyJhbGciOiJIUzI1NiIsInR5cCI6IkpXVCJ9.eyJ0b2tlbl90eXBlIjoicmVmcmVzaCIsImV4cCI6MTc3MTY3NjgzNywiaWF0IjoxNzcxMDcyMDM3LCJqdGkiOiIyN2QzNDEyNjA5YjM0MzVlODFlMGMzNmQxYTZmMGI5ZiIsInVzZXJfaWQiOiIxIn0._BOtCeEvhqhAtMp-FeazWYKUDZuOjJThlof25iHXrfU", "created_at": "2026-02-14T12:27:17.722Z", "expires_at": "2026-02-21T12:27:17Z"}}, {"model": "token_blacklist.outstandingtoken", "pk": 53, "fields": {"user": 1, "jti": "83883e6b922347a882c4d98c4dee5805", "token": "eyJhbGciOiJIUzI1NiIsInR5cCI6IkpXVCJ9.eyJ0b2tlbl90eXBlIjoicmVmcmVzaCIsImV4cCI6MTc3MTY3Njg4NSwiaWF0IjoxNzcxMDcyMDg1LCJqdGkiOiI4Mzg4M2U2YjkyMjM0N2E4ODJjNGQ5OGM0ZGVlNTgwNSIsInVzZXJfaWQiOiIxIn0.UiRrU4hJZpTYyy8RRwtvBxnGKLDef5lWxHkYi43ZsTc", "created_at": "2026-02-14T12:28:05.928Z", "expires_at": "2026-02-21T12:28:05Z"}}, {"model": "token_blacklist.outstandingtoken", "pk": 54, "fields": {"user": 1, "jti": "80acd0c182944dd48b4dc4b99cba6a1f", "token": "eyJhbGciOiJIUzI1NiIsInR5cCI6IkpXVCJ9.eyJ0b2tlbl90eXBlIjoicmVmcmVzaCIsImV4cCI6MTc3MTY3NzM5MywiaWF0IjoxNzcxMDcyNTkzLCJqdGkiOiI4MGFjZDBjMTgyOTQ0ZGQ0OGI0ZGM0Yjk5Y2JhNmExZiIsInVzZXJfaWQiOiIxIn0.bIUjWfpzFqWeA5lovM_Tyl_VypdRj34_TaDezMvJ0CI", "created_at": "2026-02-14T12:36:33.905Z", "expires_at": "2026-02-21T12:36:33Z"}}, {"model": "token_blacklist.outstandingtoken", "pk": 55, "fields": {"user": 1, "jti": "0a851df68564421b8a00fda0aeb8e1bf", "token": "eyJhbGciOiJIUzI1NiIsInR5cCI6IkpXVCJ9.eyJ0b2tlbl90eXBlIjoicmVmcmVzaCIsImV4cCI6MTc3MTY3NzY4MSwiaWF0IjoxNzcxMDcyODgxLCJqdGkiOiIwYTg1MWRmNjg1NjQ0MjFiOGEwMGZkYTBhZWI4ZTFiZiIsInVzZXJfaWQiOiIxIn0.Z7jv4d22jv5dpaM76wN1Cx6OgFwrjDDHsnCRjB9FtG4", "created_at": "2026-02-14T12:41:21.107Z", "expires_at": "2026-02-21T12:41:21Z"}}, {"model": "token_blacklist.outstandingtoken", "pk": 56, "fields": {"user": 5, "jti": "f79a84807c0f487ba44a8817af86719a", "token": "eyJhbGciOiJIUzI1NiIsInR5cCI6IkpXVCJ9.eyJ0b2tlbl90eXBlIjoicmVmcmVzaCIsImV4cCI6MTc3MTY3ODM3NCwiaWF0IjoxNzcxMDczNTc0LCJqdGkiOiJmNzlhODQ4MDdjMGY0ODdiYTQ0YTg4MTdhZjg2NzE5YSIsInVzZXJfaWQiOiI1In0.DyAkZTyytz5VC0R1ZJFmWHtYCr4Xszba3UEluIcX2F4", "created_at": "2026-02-14T12:52:54.682Z", "expires_at": "2026-02-21T12:52:54Z"}}, {"model": "token_blacklist.outstandingtoken", "pk": 57, "fields": {"user": 1, "jti": "597d8461403745ecb161b35246101ebd", "token": "eyJhbGciOiJIUzI1NiIsInR5cCI6IkpXVCJ9.eyJ0b2tlbl90eXBlIjoicmVmcmVzaCIsImV4cCI6MTc3MTY3ODM5NiwiaWF0IjoxNzcxMDczNTk2LCJqdGkiOiI1OTdkODQ2MTQwMzc0NWVjYjE2MWIzNTI0NjEwMWViZCIsInVzZXJfaWQiOiIxIn0.5aTunKC-NkqWB9YulGkn0-FEuk7O2Ho-EqqP-JgnBdQ", "created_at": "2026-02-14T12:53:16.597Z", "expires_at": "2026-02-21T12:53:16Z"}}, {"model": "token_blacklist.outstandingtoken", "pk": 58, "fields": {"user": 7, "jti": "f4fb0306c56249cf9de71fa0da035ce2", "token": "eyJhbGciOiJIUzI1NiIsInR5cCI6IkpXVCJ9.eyJ0b2tlbl90eXBlIjoicmVmcmVzaCIsImV4cCI6MTc3MTY5MDkyMywiaWF0IjoxNzcxMDg2MTIzLCJqdGkiOiJmNGZiMDMwNmM1NjI0OWNmOWRlNzFmYTBkYTAzNWNlMiIsInVzZXJfaWQiOiI3In0.RKJsDU53sfY-67_oyUeNMzQECGY0JZnaEwV5I8X2UTM", "created_at": "2026-02-14T16:22:03.145Z", "expires_at": "2026-02-21T16:22:03Z"}}, {"model": "token_blacklist.outstandingtoken", "pk": 59, "fields": {"user": 7, "jti": "bbbb7956ea194174bada64904aa9e66e", "token": "eyJhbGciOiJIUzI1NiIsInR5cCI6IkpXVCJ9.eyJ0b2tlbl90eXBlIjoicmVmcmVzaCIsImV4cCI6MTc3MTY5MzYwOSwiaWF0IjoxNzcxMDg4ODA5LCJqdGkiOiJiYmJiNzk1NmVhMTk0MTc0YmFkYTY0OTA0YWE5ZTY2ZSIsInVzZXJfaWQiOiI3In0.n6Hl4V-drMNFsqxmxzvop1FQx1tTmnec1U1kaNhSm98", "created_at": "2026-02-14T17:06:49.497Z", "expires_at": "2026-02-21T17:06:49Z"}}, {"model": "token_blacklist.outstandingtoken", "pk": 60, "fields": {"user": 7, "jti": "fb646f1b7d264e6d8262ef2bec399185", "token": "eyJhbGciOiJIUzI1NiIsInR5cCI6IkpXVCJ9.eyJ0b2tlbl90eXBlIjoicmVmcmVzaCIsImV4cCI6MTc3MTcwNjI3OSwiaWF0IjoxNzcxMTAxNDc5LCJqdGkiOiJmYjY0NmYxYjdkMjY0ZTZkODI2MmVmMmJlYzM5OTE4NSIsInVzZXJfaWQiOiI3In0.YH1dsPk0YC1QNnmUPIPuolI_DolRWZ6nVKIiNWESbYE", "created_at": "2026-02-14T20:37:59.540Z", "expires_at": "2026-02-21T20:37:59Z"}}, {"model": "token_blacklist.outstandingtoken", "pk": 61, "fields": {"user": 7, "jti": "0f4de56aab6b4775b5aad3191e7bc6e3", "token": "eyJhbGciOiJIUzI1NiIsInR5cCI6IkpXVCJ9.eyJ0b2tlbl90eXBlIjoicmVmcmVzaCIsImV4cCI6MTc3MTcwNzIyOCwiaWF0IjoxNzcxMTAyNDI4LCJqdGkiOiIwZjRkZTU2YWFiNmI0Nzc1YjVhYWQzMTkxZTdiYzZlMyIsInVzZXJfaWQiOiI3In0.9WnDS8OVviCSLjqCAauoKUm1frL_Wr9fzOi3t5pclF8", "created_at": "2026-02-14T20:53:48.376Z", "expires_at": "2026-02-21T20:53:48Z"}}, {"model": "token_blacklist.outstandingtoken", "pk": 62, "fields": {"user": 7, "jti": "749f7dcbdaaf4c35b91f33bedfe8f956", "token": "eyJhbGciOiJIUzI1NiIsInR5cCI6IkpXVCJ9.eyJ0b2tlbl90eXBlIjoicmVmcmVzaCIsImV4cCI6MTc3MTcwODI0NSwiaWF0IjoxNzcxMTAzNDQ1LCJqdGkiOiI3NDlmN2RjYmRhYWY0YzM1YjkxZjMzYmVkZmU4Zjk1NiIsInVzZXJfaWQiOiI3In0.gybKrSUgmRgoiSwvYBfL14d31ESwGH0x11lM-indME8", "created_at": "2026-02-14T21:10:45.578Z", "expires_at": "2026-02-21T21:10:45Z"}}, {"model": "token_blacklist.outstandingtoken", "pk": 63, "fields": {"user": 7, "jti": "3659272dbd064b9fb4ab355f213f74ca", "token": "eyJhbGciOiJIUzI1NiIsInR5cCI6IkpXVCJ9.eyJ0b2tlbl90eXBlIjoicmVmcmVzaCIsImV4cCI6MTc3MTcwOTMyNSwiaWF0IjoxNzcxMTA0NTI1LCJqdGkiOiIzNjU5MjcyZGJkMDY0YjlmYjRhYjM1NWYyMTNmNzRjYSIsInVzZXJfaWQiOiI3In0.vs426c6wsv354E-0HYOloBt0jL2t7gPZvftmLEVa1tU", "created_at": "2026-02-14T21:28:45.436Z", "expires_at": "2026-02-21T21:28:45Z"}}, {"model": "token_blacklist.outstandingtoken", "pk": 64, "fields": {"user": 7, "jti": "f644dcef1fda4037b62652704f63f7f1", "token": "eyJhbGciOiJIUzI1NiIsInR5cCI6IkpXVCJ9.eyJ0b2tlbl90eXBlIjoicmVmcmVzaCIsImV4cCI6MTc3MTcxMDM3MiwiaWF0IjoxNzcxMTA1NTcyLCJqdGkiOiJmNjQ0ZGNlZjFmZGE0MDM3YjYyNjUyNzA0ZjYzZjdmMSIsInVzZXJfaWQiOiI3In0.wECqGvGjA04wKjFnElHnr_GfIpstA5oK_huU7Fjy8PM", "created_at": "2026-02-14T21:46:12.494Z", "expires_at": "2026-02-21T21:46:12Z"}}, {"model": "token_blacklist.outstandingtoken", "pk": 65, "fields": {"user": 7, "jti": "a90efc64848a46d4bbe0c598acb551d7", "token": "eyJhbGciOiJIUzI1NiIsInR5cCI6IkpXVCJ9.eyJ0b2tlbl90eXBlIjoicmVmcmVzaCIsImV4cCI6MTc3MTcxMTI4NSwiaWF0IjoxNzcxMTA2NDg1LCJqdGkiOiJhOTBlZmM2NDg0OGE0NmQ0YmJlMGM1OThhY2I1NTFkNyIsInVzZXJfaWQiOiI3In0.oMNk3AI1D0aPtcwQvwSL360bqidryzNDP5i3psysS2Q", "created_at": "2026-02-14T22:01:25.673Z", "expires_at": "2026-02-21T22:01:25Z"}}, {"model": "token_blacklist.outstandingtoken", "pk": 66, "fields": {"user": 7, "jti": "aebcc49d65ee42618b4c9ddb54063829", "token": "eyJhbGciOiJIUzI1NiIsInR5cCI6IkpXVCJ9.eyJ0b2tlbl90eXBlIjoicmVmcmVzaCIsImV4cCI6MTc3MTcxMjMxMywiaWF0IjoxNzcxMTA3NTEzLCJqdGkiOiJhZWJjYzQ5ZDY1ZWU0MjYxOGI0YzlkZGI1NDA2MzgyOSIsInVzZXJfaWQiOiI3In0.PCTDtIkH6J03_H7zS5wHqv7YPy9sqlM6oI9OJ7UY9lo", "created_at": "2026-02-14T22:18:33.519Z", "expires_at": "2026-02-21T22:18:33Z"}}, {"model": "token_blacklist.outstandingtoken", "pk": 67, "fields": {"user": 7, "jti": "a535b0b3fe7746d6af689120591f2427", "token": "eyJhbGciOiJIUzI1NiIsInR5cCI6IkpXVCJ9.eyJ0b2tlbl90eXBlIjoicmVmcmVzaCIsImV4cCI6MTc3MTcxMzIyMSwiaWF0IjoxNzcxMTA4NDIxLCJqdGkiOiJhNTM1YjBiM2ZlNzc0NmQ2YWY2ODkxMjA1OTFmMjQyNyIsInVzZXJfaWQiOiI3In0.iy_20ip1DBDM1Ej4NVMWfTm1KT7xuLpdlgVCK_-I8sU", "created_at": "2026-02-14T22:33:41.765Z", "expires_at": "2026-02-21T22:33:41Z"}}, {"model": "token_blacklist.outstandingtoken", "pk": 68, "fields": {"user": 7, "jti": "213c2eb4fab3411d89937106043d0bc9", "token": "eyJhbGciOiJIUzI1NiIsInR5cCI6IkpXVCJ9.eyJ0b2tlbl90eXBlIjoicmVmcmVzaCIsImV4cCI6MTc3MTc3MTcxNCwiaWF0IjoxNzcxMTY2OTE0LCJqdGkiOiIyMTNjMmViNGZhYjM0MTFkODk5MzcxMDYwNDNkMGJjOSIsInVzZXJfaWQiOiI3In0.rJYxBV4ptZkXcVSyKqZo9wKvheP2EO2cA7LYb5xlnT4", "created_at": "2026-02-15T14:48:34.863Z", "expires_at": "2026-02-22T14:48:34Z"}}, {"model": "token_blacklist.outstandingtoken", "pk": 69, "fields": {"user": 7, "jti": "7f92869ca0c447a381a8a4f8fed90e50", "token": "eyJhbGciOiJIUzI1NiIsInR5cCI6IkpXVCJ9.eyJ0b2tlbl90eXBlIjoicmVmcmVzaCIsImV4cCI6MTc3MTc3MzAzMiwiaWF0IjoxNzcxMTY4MjMyLCJqdGkiOiI3ZjkyODY5Y2EwYzQ0N2EzODFhOGE0ZjhmZWQ5MGU1MCIsInVzZXJfaWQiOiI3In0.3FibNW1HrdOVDbRFgFN1CHZBi5gsas0HgF4w07HxWAw", "created_at": "2026-02-15T15:10:32.783Z", "expires_at": "2026-02-22T15:10:32Z"}}, {"model": "token_blacklist.outstandingtoken", "pk": 70, "fields": {"user": 7, "jti": "8829f9c7d9ca422797582c944c4bdfea", "token": "eyJhbGciOiJIUzI1NiIsInR5cCI6IkpXVCJ9.eyJ0b2tlbl90eXBlIjoicmVmcmVzaCIsImV4cCI6MTc3MTc3NjU1NSwiaWF0IjoxNzcxMTcxNzU1LCJqdGkiOiI4ODI5ZjljN2Q5Y2E0MjI3OTc1ODJjOTQ0YzRiZGZlYSIsInVzZXJfaWQiOiI3In0.PY_c7Gx_k62G0uQ5lYaWxzJjBpfhVjfhMcPX95LEeXk", "created_at": "2026-02-15T16:09:15.609Z", "expires_at": "2026-02-22T16:09:15Z"}}, {"model": "token_blacklist.outstandingtoken", "pk": 71, "fields": {"user": 7, "jti": "930ccfb175bf4b509f56f707881e6238", "token": "eyJhbGciOiJIUzI1NiIsInR5cCI6IkpXVCJ9.eyJ0b2tlbl90eXBlIjoicmVmcmVzaCIsImV4cCI6MTc3MTc3NzkwMSwiaWF0IjoxNzcxMTczMTAxLCJqdGkiOiI5MzBjY2ZiMTc1YmY0YjUwOWY1NmY3MDc4ODFlNjIzOCIsInVzZXJfaWQiOiI3In0.NzJX_9hVgbFub1Kj7HfL79d-ZcsPr0dZ018Crd-s94I", "created_at": "2026-02-15T16:31:41.300Z", "expires_at": "2026-02-22T16:31:41Z"}}, {"model": "token_blacklist.outstandingtoken", "pk": 72, "fields": {"user": 7, "jti": "808f1553dbed45d291c6d8e3f66d084f", "token": "eyJhbGciOiJIUzI1NiIsInR5cCI6IkpXVCJ9.eyJ0b2tlbl90eXBlIjoicmVmcmVzaCIsImV4cCI6MTc3MTc3ODgzMCwiaWF0IjoxNzcxMTc0MDMwLCJqdGkiOiI4MDhmMTU1M2RiZWQ0NWQyOTFjNmQ4ZTNmNjZkMDg0ZiIsInVzZXJfaWQiOiI3In0._4w16tuZ1S3R-cglRLzu80bVifhObCVqmjZgRpjtkKc", "created_at": "2026-02-15T16:47:10.904Z", "expires_at": "2026-02-22T16:47:10Z"}}, {"model": "token_blacklist.outstandingtoken", "pk": 73, "fields": {"user": 7, "jti": "a5542e4d7d524188b8ca0e77a0e67e3b", "token": "eyJhbGciOiJIUzI1NiIsInR5cCI6IkpXVCJ9.eyJ0b2tlbl90eXBlIjoicmVmcmVzaCIsImV4cCI6MTc3MTc3ODkzNiwiaWF0IjoxNzcxMTc0MTM2LCJqdGkiOiJhNTU0MmU0ZDdkNTI0MTg4YjhjYTBlNzdhMGU2N2UzYiIsInVzZXJfaWQiOiI3In0.v4pcFKXnJwADnTVstDTv9xHEc5fdsqIlmn0giPQ0Qjs", "created_at": "2026-02-15T16:48:56.705Z", "expires_at": "2026-02-22T16:48:56Z"}}, {"model": "token_blacklist.blacklistedtoken", "pk": 1, "fields": {"token": 38, "blacklisted_at": "2026-02-13T15:23:14.095Z"}}, {"model": "token_blacklist.blacklistedtoken", "pk": 2, "fields": {"token": 58, "blacklisted_at": "2026-02-14T17:06:49.529Z"}}, {"model": "token_blacklist.blacklistedtoken", "pk": 3, "fields": {"token": 60, "blacklisted_at": "2026-02-14T20:53:48.389Z"}}, {"model": "token_blacklist.blacklistedtoken", "pk": 4, "fields": {"token": 61, "blacklisted_at": "2026-02-14T21:10:45.595Z"}}, {"model": "token_blacklist.blacklistedtoken", "pk": 5, "fields": {"token": 62, "blacklisted_at": "2026-02-14T21:28:45.444Z"}}, {"model": "token_blacklist.blacklistedtoken", "pk": 6, "fields": {"token": 63, "blacklisted_at": "2026-02-14T21:46:12.502Z"}}, {"model": "token_blacklist.blacklistedtoken", "pk": 7, "fields": {"token": 64, "blacklisted_at": "2026-02-14T22:01:25.680Z"}}, {"model": "token_blacklist.blacklistedtoken", "pk": 8, "fields": {"token": 65, "blacklisted_at": "2026-02-14T22:18:33.530Z"}}, {"model": "token_blacklist.blacklistedtoken", "pk": 9, "fields": {"token": 66, "blacklisted_at": "2026-02-14T22:33:41.781Z"}}, {"model": "token_blacklist.blacklistedtoken", "pk": 10, "fields": {"token": 67, "blacklisted_at": "2026-02-15T14:48:34.890Z"}}, {"model": "token_blacklist.blacklistedtoken", "pk": 11, "fields": {"token": 68, "blacklisted_at": "2026-02-15T15:10:32.813Z"}}, {"model": "token_blacklist.blacklistedtoken", "pk": 12, "fields": {"token": 69, "blacklisted_at": "2026-02-15T16:09:15.634Z"}}, {"model": "token_blacklist.blacklistedtoken", "pk": 13, "fields": {"token": 70, "blacklisted_at": "2026-02-15T16:31:41.324Z"}}, {"model": "token_blacklist.blacklistedtoken", "pk": 14, "fields": {"token": 71, "blacklisted_at": "2026-02-15T16:47:10.928Z"}}, {"model": "users.user", "pk": 1, "fields": {"password": "pbkdf2_sha256$1000000$QsjOXZCbcfpxlYfQqYzYJu$NvmZNC2iqNCJ9fn9A8WYfJnbzq5TgHN8dFudiJa/WW8=", "last_login": "2026-02-14T12:53:16.605Z", "is_superuser": false, "username": "test@example.com", "first_name": "", "last_name": "", "is_staff": false, "is_active": true, "date_joined": "2026-01-29T11:07:28.344Z", "name": "Test User", "email": "test@example.com", "phone_number": null, "groups": [], "user_permissions": []}}, {"model": "users.user", "pk": 2, "fields": {"password": "pbkdf2_sha256$1000000$Gn8N6agGCRklhgLg6DmyrN$dyPT8DKqLIi5eh4bSNnMSXjQcqwwdxpxa7woxOBC8cs=", "last_login": null, "is_superuser": false, "username": "browser@example.com", "first_name": "", "last_name": "", "is_staff": false, "is_active": true, "date_joined": "2026-01-29T11:11:40.800Z", "name": "Browser User", "email": "browser@example.com", "phone_number": null, "groups": [], "user_permissions": []}}, {"model": "users.user", "pk": 3, "fields": {"password": "!MWPQTrsuMXvDUTLYRUuMx3k6UgWYakC4jixVUeIX", "last_login": null, "is_superuser": true, "username": "testadmin@example.com", "first_name": "", "last_name": "", "is_staff": true, "is_active": true, "date_joined": "2026-02-08T12:25:55.012Z", "name": "Super Admin", "email": "admin123", "phone_number": null, "groups": [], "user_permissions": []}}, {"model": "users.user", "pk": 4, "fields": {"password": "pbkdf2_sha256$1000000$ve2fflYP4IuwYmP2wqHV7Z$jQjwV05oqWCy1gGdqhLPGU+mLPKtWCHpu0BAwu3gAyE=", "last_login": "2026-02-08T13:55:34.720Z", "is_superuser": true, "username": "testadmin", "first_name": "", "last_name": "", "is_staff": true, "is_active": true, "date_joined": "2026-02-08T13:54:50.453Z", "name": "Super Admin", "email": "testadmin@example.com", "phone_number": null, "groups": [], "user_permissions": []}}, {"model": "users.user", "pk": 5, "fields": {"password": "pbkdf2_sha256$1000000$5lgwR8O9KxbZtFqBXJIhSC$C/mfvWSjxfF+AgViZvqD4Kz+V64mKOUiQy/meLXwuRU=", "last_login": "2026-02-14T12:52:54.688Z", "is_superuser": true, "username": "admin", "first_name": "", "last_name": "", "is_staff": true, "is_active": true, "date_joined": "2026-02-12T16:14:53.228Z", "name": "Admin User", "email": "admin@example.com", "phone_number": null, "groups": [], "user_permissions": []}}, {"model": "users.user", "pk": 6, "fields": {"password": "pbkdf2_sha256$1000000$NpsfPeWzDMsTZj6omL8vt7$DJ8V2OjCuviFVuVIt3rMU2FSP+Pet1wi4vpUdXN/sM0=", "last_login": "2026-02-13T15:23:02.648Z", "is_superuser": false, "username": "adeel.ahmed83q@gmail.com", "first_name": "", "last_name": "", "is_staff": false, "is_active": true, "date_joined": "2026-02-12T17:29:11.490Z", "name": "adeel", "email": "adeel.ahmed83q@gmail.com", "phone_number": null, "groups": [], "user_permissions": []}}, {"model": "users.user", "pk": 7, "fields": {"password": "pbkdf2_sha256$1000000$sPjzlsklrp69pjrz8SC7QN$5Vdg8ognBEHxX48C/Ww06rUijiEjtauekZ1HP3p2tm8=", "last_login": "2026-02-15T16:48:56.716Z", "is_superuser": false, "username": "iamabyes10@gmail.com", "first_name": "", "last_name": "", "is_staff": false, "is_active": true, "date_joined": "2026-02-14T16:21:50.645Z", "name": "Abdul Rehman", "email": "iamabyes10@gmail.com", "phone_number": null, "groups": [], "user_permissions": []}}, {"model": "users.address", "pk": 1, "fields": {"user": 1, "full_name": "Test User", "phone_number": "1234567890", "city": "Lahore", "area": "DHA", "street": "Main Blvd", "is_default": false, "created_at": "2026-02-08T12:20:29.573Z", "updated_at": "2026-02-08T12:20:29.573Z"}}, {"model": "users.address", "pk": 2, "fields": {"user": 1, "full_name": "Test User", "phone_number": "1234567890", "city": "Lahore", "area": "DHA", "street": "Main Blvd", "is_default": false, "created_at": "2026-02-08T12:40:21.772Z", "updated_at": "2026-02-08T12:40:21.772Z"}}, {"model": "users.address", "pk": 3, "fields": {"user": 1, "full_name": "adeel", "phone_number": "03059564930", "city": "Muridke", "area": "sui wala jaz ke pas", "street": "Pakistan punjab muridke rehmanpura\nhouse#162B lane#6 block#A paf colony zarar shaheed lahore cantt", "is_default": true, "created_at": "2026-02-14T12:08:11.291Z", "updated_at": "2026-02-14T12:08:11.292Z"}}, {"model": "users.address", "pk": 4, "fields": {"user": 7, "full_name": "Abdul Rehman", "phone_number": "03436228898", "city": "Gujranwala", "area": "Canal View", "street": "343", "is_default": false, "created_at": "2026-02-14T21:23:44.903Z", "updated_at": "2026-02-14T21:23:44.903Z"}}, {"model": "users.address", "pk": 5, "fields": {"user": 7, "full_name": "Abdul Rehman", "phone_number": "03436228898", "city": "Gujranwala", "area": "huhuh", "street": "Canal View Housing Scheme Sector 3 House 261, Gujranwala, Punjab", "is_default": true, "created_at": "2026-02-14T21:24:12.261Z", "updated_at": "2026-02-14T21:24:12.261Z"}}, {"model": "products.category", "pk": 7, "fields": {"name": "protein", "slug": "protein", "image": "categories/adeel_ahmed_SDupSQR.jpg"}}, {"model": "products.category", "pk": 9, "fields": {"name": "Featured", "slug": "featured", "image": ""}}, {"model": "products.category", "pk": 10, "fields": {"name": "Whey Protein", "slug": "whey-protein", "image": "categories/whey.png"}}, {"model": "products.category", "pk": 11, "fields": {"name": "Mass Gainers", "slug": "mass-gainers", "image": "categories/mass.png"}}, {"model": "products.category", "pk": 12, "fields": {"name": "Pre-Workout", "slug": "pre-workout", "image": "categories/preworkout.png"}}, {"model": "products.category", "pk": 13, "fields": {"name": "BCAAs & Aminos", "slug": "bcaas-aminos", "image": "categories/bcaa.png"}}, {"model": "products.category", "pk": 14, "fields": {"name": "Creatine", "slug": "creatine", "image": "categories/creatine.png"}}, {"model": "products.category", "pk": 15, "fields": {"name": "Vitamins", "slug": "vitamins", "image": "categories/vitamins.png"}}, {"model": "products.product", "pk": 4, "fields": {"name": "Gold Standard 100% Whey Protein", "slug": "gold-standard-100-whey", "category": 10, "brand": "Optimum Nutrition", "weight": "5 lbs", "description": "Gold Standard 100% Whey Blend – 24g Blended Protein consisting of Whey Protein Isolate, Whey Protein Concentrate, and Whey Peptides.", "price": "18999.00", "discount_price": null, "stock": 99, "image": "products/whey-gold_lGXpw20.png", "is_active": true, "created_at": "2026-02-14T20:51:54.741Z", "updated_at": "2026-02-14T22:35:23.343Z"}}, {"model": "products.product", "pk": 5, "fields": {"name": "Serious Mass Weight Gainer", "slug": "serious-mass-gainer", "category": 11, "brand": "Optimum Nutrition", "weight": "6 lbs", "description": "Serious Mass is the ultimate weight gain formula. With 1,250 calories per serving and 50 grams of protein.", "price": "14999.00", "discount_price": null, "stock": 98, "image": "products/mass-gainer_LZrQkAy.png", "is_active": true, "created_at": "2026-02-14T20:51:54.758Z", "updated_at": "2026-02-14T22:35:23.346Z"}}, {"model": "products.product", "pk": 6, "fields": {"name": "C4 Original Pre-Workout", "slug": "c4-pre-workout", "category": 12, "brand": "Cellucor", "weight": "30 servings", "description": "C4 Original is the original explosive pre-workout. Formulated with a classic energy, endurance, pumps, and focus blend.", "price": "8499.00", "discount_price": "6999.00", "stock": 99, "image": "products/preworkout_kbYstjQ.png", "is_active": true, "created_at": "2026-02-14T20:51:54.774Z", "updated_at": "2026-02-14T21:52:37.731Z"}}, {"model": "products.product", "pk": 7, "fields": {"name": "BCAA Energy Amino Acids", "slug": "bcaa-energy", "category": 13, "brand": "EVL Nutrition", "weight": "30 servings", "description": "BCAA Energy offers all the benefits of BCAAs for recovery with additional energy components.", "price": "5499.00", "discount_price": null, "stock": 99, "image": "products/bcaa_zvZrfpJ.png", "is_active": true, "created_at": "2026-02-14T20:51:54.789Z", "updated_at": "2026-02-14T22:31:25.560Z"}}, {"model": "products.product", "pk": 8, "fields": {"name": "Creatine Monohydrate", "slug": "creatine-monohydrate", "category": 14, "brand": "MuscleTech", "weight": "400g", "description": "Platinum 100% Creatine provides your muscles with the world's highest quality micronized creatine.", "price": "3999.00", "discount_price": null, "stock": 96, "image": "products/creatine_ynV1R14.png", "is_active": true, "created_at": "2026-02-14T20:51:54.805Z", "updated_at": "2026-02-14T21:58:03.189Z"}}, {"model": "products.product", "pk": 9, "fields": {"name": "Nitro-Tech Whey Gold", "slug": "nitro-tech-whey", "category": 10, "brand": "MuscleTech", "weight": "5.5 lbs", "description": "Nitro-Tech 100% Whey Gold contains whey protein peptides and isolate for superior absorption.", "price": "19999.00", "discount_price": "16999.00", "stock": 98, "image": "products/nitrotech_CRBQADA.png", "is_active": true, "created_at": "2026-02-14T20:51:54.821Z", "updated_at": "2026-02-14T21:24:17.438Z"}}, {"model": "products.product", "pk": 10, "fields": {"name": "ISO 100 Hydrolyzed Whey", "slug": "iso-100-whey", "category": 10, "brand": "Dymatize", "weight": "5 lbs", "description": "ISO 100 is simply muscle-building fuel. Each serving contains 25 grams of protein and 5.5g of BCAAs.", "price": "21999.00", "discount_price": null, "stock": 100, "image": "products/iso100_f2M6uoe.png", "is_active": true, "created_at": "2026-02-14T20:51:54.836Z", "updated_at": "2026-02-14T21:00:23.619Z"}}, {"model": "products.product", "pk": 11, "fields": {"name": "Animal Pak Multivitamin", "slug": "animal-pak", "category": 15, "brand": "Universal Nutrition", "weight": "44 packs", "description": "The True Original since 1983, the Animal Pak Training Packs has been the choice for hard-nosed gym rats worldwide.", "price": "7999.00", "discount_price": null, "stock": 95, "image": "products/animalpak_P7eNEyt.png", "is_active": true, "created_at": "2026-02-14T20:51:54.853Z", "updated_at": "2026-02-14T21:24:17.430Z"}}, {"model": "cart.cart", "pk": 1, "fields": {"user": 1, "created_at": "2026-02-08T12:20:29.522Z", "updated_at": "2026-02-08T12:20:29.522Z"}}, {"model": "cart.cart", "pk": 2, "fields": {"user": 5, "created_at": "2026-02-14T12:13:07.337Z", "updated_at": "2026-02-14T12:13:07.337Z"}}, {"model": "cart.cart", "pk": 3, "fields": {"user": 7, "created_at": "2026-02-14T17:07:48.713Z", "updated_at": "2026-02-14T17:07:48.713Z"}}, {"model": "cart.cartitem", "pk": 18, "fields": {"cart": 3, "product": 4, "quantity": 3, "added_at": "2026-02-15T14:48:38.729Z", "price_snapshot": "18999.00"}}, {"model": "cart.cartitem", "pk": 19, "fields": {"cart": 3, "product": 6, "quantity": 1, "added_at": "2026-02-15T14:49:36.170Z", "price_snapshot": "6999.00"}}, {"model": "orders.order", "pk": 1, "fields": {"user": 1, "total_amount": "100.00", "shipping_address": "Test User, 1234567890, Main Blvd, DHA, Lahore", "payment_method": "COD", "payment_status": "PENDING", "status": "PENDING", "created_at": "2026-02-08T12:20:29.599Z", "updated_at": "2026-02-14T12:09:38.298Z"}}, {"model": "orders.order", "pk": 2, "fields": {"user": 1, "total_amount": "100.00", "shipping_address": "Test User, 1234567890, Main Blvd, DHA, Lahore", "payment_method": "COD", "payment_status": "PENDING", "status": "PENDING", "created_at": "2026-02-08T12:40:21.793Z", "updated_at": "2026-02-14T12:09:39.887Z"}}, {"model": "orders.order", "pk": 3, "fields": {"user": 1, "total_amount": "18000.00", "shipping_address": "adeel, 03059564930, Pakistan punjab muridke rehmanpura\nhouse#162B lane#6 block#A paf colony zarar shaheed lahore cantt, sui wala jaz ke pas, Muridke", "payment_method": "COD", "payment_status": "PENDING", "status": "CONFIRMED", "created_at": "2026-02-14T12:08:17.909Z", "updated_at": "2026-02-14T12:18:27.751Z"}}, {"model": "orders.order", "pk": 4, "fields": {"user": 1, "total_amount": "45000.00", "shipping_address": "adeel, 03059564930, Pakistan punjab muridke rehmanpura\nhouse#162B lane#6 block#A paf colony zarar shaheed lahore cantt, sui wala jaz ke pas, Muridke", "payment_method": "COD", "payment_status": "PENDING", "status": "CANCELLED", "created_at": "2026-02-14T12:48:41.679Z", "updated_at": "2026-02-14T12:48:59.980Z"}}, {"model": "orders.order", "pk": 5, "fields": {"user": 1, "total_amount": "9000.00", "shipping_address": "adeel, 03059564930, Pakistan punjab muridke rehmanpura\nhouse#162B lane#6 block#A paf colony zarar shaheed lahore cantt, sui wala jaz ke pas, Muridke", "payment_method": "COD", "payment_status": "PENDING", "status": "DELIVERED", "created_at": "2026-02-14T12:52:34.765Z", "updated_at": "2026-02-14T12:53:02.673Z"}}, {"model": "orders.order", "pk": 6, "fields": {"user": 7, "total_amount": "104988.00", "shipping_address": "Abdul Rehman, 03436228898, 343, Canal View, Gujranwala", "payment_method": "COD", "payment_status": "PENDING", "status": "PENDING", "created_at": "2026-02-14T21:24:17.421Z", "updated_at": "2026-02-14T21:24:17.440Z"}}, {"model": "orders.order", "pk": 7, "fields": {"user": 7, "total_amount": "6999.00", "shipping_address": "Abdul Rehman, 03436228898, 343, Canal View, Gujranwala", "payment_method": "COD", "payment_status": "PENDING", "status": "PENDING", "created_at": "2026-02-14T21:52:37.728Z", "updated_at": "2026-02-14T21:52:37.734Z"}}, {"model": "orders.order", "pk": 8, "fields": {"user": 7, "total_amount": "3999.00", "shipping_address": "Abdul Rehman, 03436228898, 343, Canal View, Gujranwala", "payment_method": "COD", "payment_status": "PENDING", "status": "CANCELLED", "created_at": "2026-02-14T21:57:45.245Z", "updated_at": "2026-02-14T21:58:03.192Z"}}, {"model": "orders.order", "pk": 9, "fields": {"user": 7, "total_amount": "5499.00", "shipping_address": "Abdul Rehman, 03436228898, Canal View Housing Scheme Sector 3 House 261, Gujranwala, Punjab, huhuh, Gujranwala", "payment_method": "COD", "payment_status": "PENDING", "status": "PENDING", "created_at": "2026-02-14T22:31:25.558Z", "updated_at": "2026-02-14T22:31:25.562Z"}}, {"model": "orders.order", "pk": 10, "fields": {"user": 7, "total_amount": "33998.00", "shipping_address": "Abdul Rehman, 03436228898, Canal View Housing Scheme Sector 3 House 261, Gujranwala, Punjab, huhuh, Gujranwala", "payment_method": "COD", "payment_status": "PENDING", "status": "PENDING", "created_at": "2026-02-14T22:35:23.340Z", "updated_at": "2026-02-14T22:35:23.347Z"}}, {"model": "orders.orderitem", "pk": 1, "fields": {"order": 1, "product": null, "product_name": "Whey Protein", "quantity": 2, "price": "50.00"}}, {"model": "orders.orderitem", "pk": 2, "fields": {"order": 2, "product": null, "product_name": "Whey Protein", "quantity": 2, "price": "50.00"}}, {"model": "orders.orderitem", "pk": 3, "fields": {"order": 3, "product": null, "product_name": "Potein Daddy", "quantity": 2, "price": "9000.00"}}, {"model": "orders.orderitem", "pk": 4, "fields": {"order": 4, "product": null, "product_name": "Potein Daddy", "quantity": 5, "price": "9000.00"}}, {"model": "orders.orderitem", "pk": 5, "fields": {"order": 5, "product": null, "product_name": "Potein Daddy", "quantity": 1, "price": "9000.00"}}, {"model": "orders.orderitem", "pk": 6, "fields": {"order": 6, "product": 11, "product_name": "Animal Pak Multivitamin", "quantity": 5, "price": "7999.00"}}, {"model": "orders.orderitem", "pk": 7, "fields": {"order": 6, "product": 8, "product_name": "Creatine Monohydrate", "quantity": 4, "price": "3999.00"}}, {"model": "orders.orderitem", "pk": 8, "fields": {"order": 6, "product": 5, "product_name": "Serious Mass Weight Gainer", "quantity": 1, "price": "14999.00"}}, {"model": "orders.orderitem", "pk": 9, "fields": {"order": 6, "product": 9, "product_name": "Nitro-Tech Whey Gold", "quantity": 2, "price": "16999.00"}}, {"model": "orders.orderitem", "pk": 10, "fields": {"order": 7, "product": 6, "product_name": "C4 Original Pre-Workout", "quantity": 1, "price": "6999.00"}}, {"model": "orders.orderitem", "pk": 11, "fields": {"order": 8, "product": 8, "product_name": "Creatine Monohydrate", "quantity": 1, "price": "3999.00"}}, {"model": "orders.orderitem", "pk": 12, "fields": {"order": 9, "product": 7, "product_name": "BCAA Energy Amino Acids", "quantity": 1, "price": "5499.00"}}, {"model": "orders.orderitem", "pk": 13, "fields": {"order": 10, "product": 4, "product_name": "Gold Standard 100% Whey Protein", "quantity": 1, "price": "18999.00"}}, {"model": "orders.orderitem", "pk": 14, "fields": {"order": 10, "product": 5, "product_name": "Serious Mass Weight Gainer", "quantity": 1, "price": "14999.00"}}]